url,label
https://google.com,0
https://github.com,0
https://wikipedia.org,0
https://apple.com,0
https://amazon.com,0
https://microsoft.com,0
https://stackoverflow.com,0
https://nytimes.com,0
https://linkedin.com,0
https://netflix.com,0
https://python.org,0
https://paypal.com,0
https://chase.com,0
https://bankofamerica.com,0
https://binance.com,0
https://twitter.com,0
https://reddit.com,0
https://instagram.com,0
https://facebook.com,0
https://youtube.com,0
https://yahoo.com,0
https://ebay.com,0
https://walmart.com,0
https://dropbox.com,0
https://adobe.com,0
https://spotify.com,0
https://zoom.us,0
https://salesforce.com,0
https://hubspot.com,0
https://cloudflare.com,0
https://twitch.tv,0
https://notion.so,0
https://slack.com,0
https://stripe.com,0
https://shopify.com,0
https://wordpress.org,0
https://mozilla.org,0
https://oracle.com,0
https://ibm.com,0
https://intel.com,0
https://nvidia.com,0
https://samsung.com,0
https://cisco.com,0
https://vmware.com,0
https://docker.com,0
https://gitlab.com,0
https://bitbucket.org,0
https://atlassian.com,0
https://jira.com,0
https://trello.com,0
https://figma.com,0
https://canva.com,0
https://coursera.org,0
https://udemy.com,0
https://edx.org,0
https://khanacademy.org,0
https://duolingo.com,0
https://medium.com,0
https://quora.com,0
https://pinterest.com,0
http://paypal-login-security.xyz/verify,1
http://192.168.1.1/admin/login.php,1
http://secure-update-paypal.account-verify.top/login,1
http://bit.ly/3x8291A-free-gift,1
http://apple-icloud-security-check.xyz/login.html,1
http://amazon-account-billing-update.work/auth,1
http://chase-bank-online-verification.buzz/security,1
http://microsoft-office365-login-alert.gq/login,1
http://netflix-billing-update-required.online/verify,1
http://binance-wallet-security-confirm.icu/auth,1
http://free-crypto-bonus-claim.xyz/drop,1
http://google-drive-shared-doc-view.cf/login,1
http://instagram-security-badge-confirm.tk/login,1
http://facebook-meta-security-review.ml/verify,1
http://wellsfargo-online-account-login.racing/auth,1
http://secure-paypal-account-help.top/login.php,1
http://account-verify-now.xyz/paypal/login,1
http://microsoft-support-team-alert.gq/fix,1
http://apple-id-suspended-check.cf/verify,1
http://amazon-prime-billing-issue.ml/account,1
http://my-google-account-help.work/login,1
http://chase-fraud-alert-online.tk/secure,1
http://netflix-suspend-warning.icu/update,1
http://coinbase-wallet-verify.buzz/auth,1
http://paypal-limited-access-restore.site/login,1
http://free-amazon-gift-card-claim.online/get,1
http://account-suspended-verify.xyz/instagram,1
http://linkedin-profile-security.gq/login,1
http://outlook-email-verify-microsoft.cf/auth,1
http://twitter-account-unlock-help.ml/login,1
http://secure-banking-alert.xyz/login,1
http://update-your-icloud-password.top/apple,1
http://ebay-seller-account-verify.buzz/auth,1
http://whatsapp-premium-offer.icu/claim,1
http://facebook-rewards-bonus.click/claim,1
http://paypal-dispute-resolution.cam/login,1
http://bank-login-secure-update.zip/auth,1
http://suspicious-account-activity.racing/verify,1
http://verify-your-netflix-details.country/update,1
http://win-crypto-prize-today.cam/claim,1
http://free-robux-generator-2026.xyz/get,1
http://amazon-order-problem.work/fix,1
http://restore-gmail-access.cf/login,1
http://secure-apple-support-team.gq/help,1
http://paypal-send-money-verify.monster/login,1
http://dropbox-file-shared-view.ml/file,1
http://account-security-microsoft.top/update,1
http://10.0.0.1/router-admin/login,1
http://172.16.0.1/admin,1
